<?xml version="1.0" encoding="UTF-8"?><gpx creator="Lockito" version="3000011">
  <metadata>
    <name><![CDATA[Route1]]></name>
    <desc><![CDATA[speed=50.0,accuracyBase=5.0,accuracyDelta=3.0,playCounter=1,creationDate=2020-03-21T12:45:32.877,updateDate=null]]></desc>
  </metadata>
  <wpt lat="19.021101599999998" lon="72.8709509">
    <ele>0</ele>
    <name><![CDATA[Waypoint 0]]></name>
    <cmt><![CDATA[Waypoint 0]]></cmt>
    <desc><![CDATA[Waypoint 0]]></desc>
  </wpt>
  <wpt lat="19.02768" lon="72.8502918">
    <ele>0</ele>
    <name><![CDATA[Waypoint 1]]></name>
    <cmt><![CDATA[Waypoint 1]]></cmt>
    <desc><![CDATA[Waypoint 1]]></desc>
  </wpt>
  <trk>
    <name><![CDATA[Route1]]></name>
    <desc><![CDATA[Route1]]></desc>
    <number>1</number>
    <trkseg>
      <trkpt lat="19.02138" lon="72.871">
        <ele>0</ele>
        <name><![CDATA[Point 0]]></name>
      </trkpt>
      <trkpt lat="19.0216" lon="72.86958">
        <ele>0</ele>
        <name><![CDATA[Point 1]]></name>
      </trkpt>
      <trkpt lat="19.02166" lon="72.86914">
        <ele>0</ele>
        <name><![CDATA[Point 2]]></name>
      </trkpt>
      <trkpt lat="19.02166" lon="72.86888">
        <ele>0</ele>
        <name><![CDATA[Point 3]]></name>
      </trkpt>
      <trkpt lat="19.02177" lon="72.86832">
        <ele>0</ele>
        <name><![CDATA[Point 4]]></name>
      </trkpt>
      <trkpt lat="19.02202" lon="72.86661">
        <ele>0</ele>
        <name><![CDATA[Point 5]]></name>
      </trkpt>
      <trkpt lat="19.02207" lon="72.86617">
        <ele>0</ele>
        <name><![CDATA[Point 6]]></name>
      </trkpt>
      <trkpt lat="19.02137" lon="72.86613">
        <ele>0</ele>
        <name><![CDATA[Point 7]]></name>
      </trkpt>
      <trkpt lat="19.02047" lon="72.86582">
        <ele>0</ele>
        <name><![CDATA[Point 8]]></name>
      </trkpt>
      <trkpt lat="19.02003" lon="72.86567">
        <ele>0</ele>
        <name><![CDATA[Point 9]]></name>
      </trkpt>
      <trkpt lat="19.01932" lon="72.86553">
        <ele>0</ele>
        <name><![CDATA[Point 10]]></name>
      </trkpt>
      <trkpt lat="19.01847" lon="72.86548">
        <ele>0</ele>
        <name><![CDATA[Point 11]]></name>
      </trkpt>
      <trkpt lat="19.01837" lon="72.86554">
        <ele>0</ele>
        <name><![CDATA[Point 12]]></name>
      </trkpt>
      <trkpt lat="19.01825" lon="72.86546">
        <ele>0</ele>
        <name><![CDATA[Point 13]]></name>
      </trkpt>
      <trkpt lat="19.01775" lon="72.86529">
        <ele>0</ele>
        <name><![CDATA[Point 14]]></name>
      </trkpt>
      <trkpt lat="19.01736" lon="72.86508">
        <ele>0</ele>
        <name><![CDATA[Point 15]]></name>
      </trkpt>
      <trkpt lat="19.01726" lon="72.86489">
        <ele>0</ele>
        <name><![CDATA[Point 16]]></name>
      </trkpt>
      <trkpt lat="19.01726" lon="72.86478">
        <ele>0</ele>
        <name><![CDATA[Point 17]]></name>
      </trkpt>
      <trkpt lat="19.01729" lon="72.86437">
        <ele>0</ele>
        <name><![CDATA[Point 18]]></name>
      </trkpt>
      <trkpt lat="19.01738" lon="72.86426">
        <ele>0</ele>
        <name><![CDATA[Point 19]]></name>
      </trkpt>
      <trkpt lat="19.01843" lon="72.86371">
        <ele>0</ele>
        <name><![CDATA[Point 20]]></name>
      </trkpt>
      <trkpt lat="19.01841" lon="72.86364">
        <ele>0</ele>
        <name><![CDATA[Point 21]]></name>
      </trkpt>
      <trkpt lat="19.01847" lon="72.86338">
        <ele>0</ele>
        <name><![CDATA[Point 22]]></name>
      </trkpt>
      <trkpt lat="19.01856" lon="72.86264">
        <ele>0</ele>
        <name><![CDATA[Point 23]]></name>
      </trkpt>
      <trkpt lat="19.01877" lon="72.85974">
        <ele>0</ele>
        <name><![CDATA[Point 24]]></name>
      </trkpt>
      <trkpt lat="19.01883" lon="72.859">
        <ele>0</ele>
        <name><![CDATA[Point 25]]></name>
      </trkpt>
      <trkpt lat="19.0189" lon="72.85811">
        <ele>0</ele>
        <name><![CDATA[Point 26]]></name>
      </trkpt>
      <trkpt lat="19.01892" lon="72.8578">
        <ele>0</ele>
        <name><![CDATA[Point 27]]></name>
      </trkpt>
      <trkpt lat="19.01893" lon="72.85772">
        <ele>0</ele>
        <name><![CDATA[Point 28]]></name>
      </trkpt>
      <trkpt lat="19.01894" lon="72.85752">
        <ele>0</ele>
        <name><![CDATA[Point 29]]></name>
      </trkpt>
      <trkpt lat="19.01897" lon="72.85741">
        <ele>0</ele>
        <name><![CDATA[Point 30]]></name>
      </trkpt>
      <trkpt lat="19.01902" lon="72.85731">
        <ele>0</ele>
        <name><![CDATA[Point 31]]></name>
      </trkpt>
      <trkpt lat="19.01935" lon="72.85684">
        <ele>0</ele>
        <name><![CDATA[Point 32]]></name>
      </trkpt>
      <trkpt lat="19.01943" lon="72.8566">
        <ele>0</ele>
        <name><![CDATA[Point 33]]></name>
      </trkpt>
      <trkpt lat="19.0195" lon="72.85634">
        <ele>0</ele>
        <name><![CDATA[Point 34]]></name>
      </trkpt>
      <trkpt lat="19.01949" lon="72.85627">
        <ele>0</ele>
        <name><![CDATA[Point 35]]></name>
      </trkpt>
      <trkpt lat="19.01944" lon="72.85622">
        <ele>0</ele>
        <name><![CDATA[Point 36]]></name>
      </trkpt>
      <trkpt lat="19.01933" lon="72.85617">
        <ele>0</ele>
        <name><![CDATA[Point 37]]></name>
      </trkpt>
      <trkpt lat="19.01887" lon="72.8559">
        <ele>0</ele>
        <name><![CDATA[Point 38]]></name>
      </trkpt>
      <trkpt lat="19.01889" lon="72.85589">
        <ele>0</ele>
        <name><![CDATA[Point 39]]></name>
      </trkpt>
      <trkpt lat="19.0189" lon="72.85587">
        <ele>0</ele>
        <name><![CDATA[Point 40]]></name>
      </trkpt>
      <trkpt lat="19.01891" lon="72.85584">
        <ele>0</ele>
        <name><![CDATA[Point 41]]></name>
      </trkpt>
      <trkpt lat="19.01891" lon="72.85582">
        <ele>0</ele>
        <name><![CDATA[Point 42]]></name>
      </trkpt>
      <trkpt lat="19.01889" lon="72.85577">
        <ele>0</ele>
        <name><![CDATA[Point 43]]></name>
      </trkpt>
      <trkpt lat="19.01887" lon="72.85576">
        <ele>0</ele>
        <name><![CDATA[Point 44]]></name>
      </trkpt>
      <trkpt lat="19.01916" lon="72.85532">
        <ele>0</ele>
        <name><![CDATA[Point 45]]></name>
      </trkpt>
      <trkpt lat="19.01955" lon="72.85474">
        <ele>0</ele>
        <name><![CDATA[Point 46]]></name>
      </trkpt>
      <trkpt lat="19.01998" lon="72.85408">
        <ele>0</ele>
        <name><![CDATA[Point 47]]></name>
      </trkpt>
      <trkpt lat="19.01989" lon="72.85399">
        <ele>0</ele>
        <name><![CDATA[Point 48]]></name>
      </trkpt>
      <trkpt lat="19.01985" lon="72.85387">
        <ele>0</ele>
        <name><![CDATA[Point 49]]></name>
      </trkpt>
      <trkpt lat="19.01985" lon="72.85379">
        <ele>0</ele>
        <name><![CDATA[Point 50]]></name>
      </trkpt>
      <trkpt lat="19.0199" lon="72.85367">
        <ele>0</ele>
        <name><![CDATA[Point 51]]></name>
      </trkpt>
      <trkpt lat="19.01999" lon="72.85357">
        <ele>0</ele>
        <name><![CDATA[Point 52]]></name>
      </trkpt>
      <trkpt lat="19.02009" lon="72.85354">
        <ele>0</ele>
        <name><![CDATA[Point 53]]></name>
      </trkpt>
      <trkpt lat="19.02017" lon="72.85354">
        <ele>0</ele>
        <name><![CDATA[Point 54]]></name>
      </trkpt>
      <trkpt lat="19.02025" lon="72.85356">
        <ele>0</ele>
        <name><![CDATA[Point 55]]></name>
      </trkpt>
      <trkpt lat="19.0203" lon="72.8536">
        <ele>0</ele>
        <name><![CDATA[Point 56]]></name>
      </trkpt>
      <trkpt lat="19.02073" lon="72.85294">
        <ele>0</ele>
        <name><![CDATA[Point 57]]></name>
      </trkpt>
      <trkpt lat="19.02129" lon="72.85206">
        <ele>0</ele>
        <name><![CDATA[Point 58]]></name>
      </trkpt>
      <trkpt lat="19.02125" lon="72.85202">
        <ele>0</ele>
        <name><![CDATA[Point 59]]></name>
      </trkpt>
      <trkpt lat="19.02122" lon="72.85192">
        <ele>0</ele>
        <name><![CDATA[Point 60]]></name>
      </trkpt>
      <trkpt lat="19.02123" lon="72.85185">
        <ele>0</ele>
        <name><![CDATA[Point 61]]></name>
      </trkpt>
      <trkpt lat="19.02124" lon="72.85182">
        <ele>0</ele>
        <name><![CDATA[Point 62]]></name>
      </trkpt>
      <trkpt lat="19.02126" lon="72.85179">
        <ele>0</ele>
        <name><![CDATA[Point 63]]></name>
      </trkpt>
      <trkpt lat="19.02135" lon="72.85173">
        <ele>0</ele>
        <name><![CDATA[Point 64]]></name>
      </trkpt>
      <trkpt lat="19.02142" lon="72.85173">
        <ele>0</ele>
        <name><![CDATA[Point 65]]></name>
      </trkpt>
      <trkpt lat="19.0215" lon="72.85176">
        <ele>0</ele>
        <name><![CDATA[Point 66]]></name>
      </trkpt>
      <trkpt lat="19.02152" lon="72.85177">
        <ele>0</ele>
        <name><![CDATA[Point 67]]></name>
      </trkpt>
      <trkpt lat="19.02197" lon="72.85111">
        <ele>0</ele>
        <name><![CDATA[Point 68]]></name>
      </trkpt>
      <trkpt lat="19.02214" lon="72.85087">
        <ele>0</ele>
        <name><![CDATA[Point 69]]></name>
      </trkpt>
      <trkpt lat="19.02285" lon="72.8514">
        <ele>0</ele>
        <name><![CDATA[Point 70]]></name>
      </trkpt>
      <trkpt lat="19.02348" lon="72.85193">
        <ele>0</ele>
        <name><![CDATA[Point 71]]></name>
      </trkpt>
      <trkpt lat="19.02436" lon="72.85271">
        <ele>0</ele>
        <name><![CDATA[Point 72]]></name>
      </trkpt>
      <trkpt lat="19.02497" lon="72.85202">
        <ele>0</ele>
        <name><![CDATA[Point 73]]></name>
      </trkpt>
      <trkpt lat="19.02565" lon="72.85127">
        <ele>0</ele>
        <name><![CDATA[Point 74]]></name>
      </trkpt>
      <trkpt lat="19.02629" lon="72.85056">
        <ele>0</ele>
        <name><![CDATA[Point 75]]></name>
      </trkpt>
      <trkpt lat="19.02682" lon="72.85084">
        <ele>0</ele>
        <name><![CDATA[Point 76]]></name>
      </trkpt>
      <trkpt lat="19.02691" lon="72.85089">
        <ele>0</ele>
        <name><![CDATA[Point 77]]></name>
      </trkpt>
      <trkpt lat="19.02705" lon="72.85096">
        <ele>0</ele>
        <name><![CDATA[Point 78]]></name>
      </trkpt>
      <trkpt lat="19.02725" lon="72.8506">
        <ele>0</ele>
        <name><![CDATA[Point 79]]></name>
      </trkpt>
    </trkseg>
  </trk>
</gpx>
